Año;SourceId;Pais;NombreCategoría;Enero;Febrero;Marzo;Abril;Mayo;Junio;Julio;Agosto;Septiembre;Octubre;Noviembre;Diciembre
2016;1;Alemania;Bebidas;1095;351;686;1344;8371;751;200;2742;598;3692;0;1397
2016;2;Alemania;Carnes;0;2856;0;1768;301;0;0;317;441;5489;0;5044
2016;3;Alemania;Condimentos;414;1249;0;1812;2107;977;428;0;1008;2937;378;1991
2016;4;Alemania;Frutas/Verduras;140;0;0;153;2750;418;0;1238;793;2928;0;1077
2016;5;Alemania;Granos/Cereales;0;1415;0;450;206;1250;2930;0;1287;0;0;0
2016;6;Alemania;Lácteos;1417;1739;1462;5971;3724;1975;1109;945;3988;4444;3367;3939
2016;7;Alemania;Pescado/Marisco;0;0;420;1142;2350;639;2599;29;4192;963;1708;375
2016;8;Alemania;Repostería;536;963;0;8097;3997;794;2097;454;1830;4296;0;2812
2016;9;Argentina;Bebidas;0;0;0;66;0;0;0;0;0;0;0;0
2016;10;Argentina;Condimentos;0;0;0;0;0;0;0;0;0;300;0;0
2016;11;Argentina;Frutas/Verduras;279;0;0;0;0;0;0;0;0;416;0;0
2016;12;Argentina;Lácteos;0;0;0;0;135;0;0;0;0;0;0;14
2016;13;Argentina;Pescado/Marisco;0;328;0;117;0;0;0;0;0;0;0;0
2016;14;Argentina;Repostería;113;158;0;87;0;0;0;0;0;58;0;0
2016;15;Austria;Bebidas;0;0;0;427;2516;0;817;0;0;151;0;2807
2016;16;Austria;Carnes;1614;574;0;0;2028;0;0;0;1210;1959;0;3148
2016;17;Austria;Condimentos;2445;938;0;1011;659;0;4238;0;0;1606;437;212
2016;18;Austria;Frutas/Verduras;792;0;0;1928;0;306;0;0;0;0;0;7950
2016;19;Austria;Granos/Cereales;1355;0;0;3230;0;425;477;0;0;0;0;188
2016;20;Austria;Lácteos;3411;647;306;0;0;0;2787;1662;2055;344;1290;1748
2016;21;Austria;Pescado/Marisco;0;0;0;0;0;0;0;92;0;0;428;295
2016;22;Austria;Repostería;1595;0;298;4068;0;0;0;5654;565;0;0;1246
2016;23;Bélgica;Bebidas;0;836;746;0;0;0;0;0;0;0;0;1499
2016;24;Bélgica;Carnes;0;0;0;0;392;0;0;0;0;0;0;0
2016;25;Bélgica;Condimentos;0;0;926;0;0;0;0;0;0;0;0;0
2016;26;Bélgica;Frutas/Verduras;0;1184;0;0;0;0;0;1133;0;0;0;0
2016;27;Bélgica;Granos/Cereales;0;481;667;0;0;0;0;0;0;0;0;29
2016;28;Bélgica;Lácteos;0;971;413;0;428;0;0;590;0;0;0;0
2016;29;Bélgica;Repostería;0;838;190;0;321;0;0;0;0;0;0;2213
2016;30;Brasil;Bebidas;273;0;0;55;1349;416;382;2100;716;598;402;1998
2016;31;Brasil;Carnes;2058;0;163;0;0;0;510;1089;0;177;327;55
2016;32;Brasil;Condimentos;123;634;0;0;849;0;779;0;0;2655;955;1412
2016;33;Brasil;Frutas/Verduras;1691;0;0;0;0;0;0;0;0;1639;0;499
2016;34;Brasil;Granos/Cereales;0;0;0;1027;0;516;0;2954;327;987;0;1155
2016;35;Brasil;Lácteos;1310;40;1423;690;245;0;0;250;297;543;527;1359
2016;36;Brasil;Pescado/Marisco;409;0;52;119;0;572;0;3352;1282;144;1035;440
2016;37;Brasil;Repostería;1202;326;1378;73;0;0;833;1137;184;327;0;486
2016;38;Canadá;Bebidas;13116;0;0;0;0;133;438;26;0;0;0;0
2016;39;Canadá;Carnes;1599;0;0;0;0;0;0;0;0;0;0;0
2016;40;Canadá;Condimentos;765;0;0;57;0;0;824;2236;0;175;250;0
2016;41;Canadá;Frutas/Verduras;0;271;0;0;0;0;0;0;0;0;0;0
2016;42;Canadá;Granos/Cereales;0;177;0;344;0;3395;0;2072;0;0;0;0
2016;43;Canadá;Lácteos;1436;507;0;0;0;327;4014;0;0;0;3475;0
2016;44;Canadá;Pescado/Marisco;1078;0;0;177;0;0;0;0;0;538;0;0
2016;45;Canadá;Repostería;551;230;0;985;0;0;561;680;0;0;0;0
2016;46;Dinamarca;Bebidas;12866;0;100;0;0;0;0;0;0;230;0;0
2016;47;Dinamarca;Carnes;0;0;2312;0;0;0;465;0;0;0;0;1632
2016;48;Dinamarca;Condimentos;454;0;0;0;0;0;262;651;0;0;0;653
2016;49;Dinamarca;Frutas/Verduras;0;0;0;0;0;0;310;0;0;2845;0;1850
2016;50;Dinamarca;Granos/Cereales;0;0;0;0;0;0;0;0;0;0;0;128
2016;51;Dinamarca;Lácteos;0;0;0;0;0;961;0;0;0;0;0;0
2016;52;Dinamarca;Pescado/Marisco;22;0;556;0;0;0;0;0;707;685;1141;1095
2016;53;Dinamarca;Repostería;392;0;397;0;0;0;0;312;0;0;0;1091
2016;54;España;Carnes;0;0;0;0;369;0;0;2644;0;0;0;4178
2016;55;España;Condimentos;0;0;0;0;355;0;0;0;0;0;0;0
2016;56;España;Granos/Cereales;420;0;0;0;0;0;0;336;0;0;0;0
2016;57;España;Pescado/Marisco;0;0;0;0;0;178;0;0;0;0;0;0
2016;58;España;Repostería;0;0;0;0;164;0;0;0;0;0;0;0
2016;59;Estados Unidos;Bebidas;0;750;8423;604;117;1255;6455;0;223;2474;1275;3670
2016;60;Estados Unidos;Carnes;378;2439;822;4816;0;1509;4389;867;264;8279;0;0
2016;61;Estados Unidos;Condimentos;371;4117;371;822;0;484;1196;207;1481;91;692;0
2016;62;Estados Unidos;Frutas/Verduras;0;596;0;0;348;2006;1588;517;1381;0;249;0
2016;63;Estados Unidos;Granos/Cereales;2457;0;950;0;0;1947;2122;0;3724;861;2852;0
2016;64;Estados Unidos;Lácteos;1185;0;2825;0;787;589;4393;0;5353;4063;1241;0
2016;65;Estados Unidos;Pescado/Marisco;414;0;152;0;0;42;4897;596;2266;4011;3049;226
2016;66;Estados Unidos;Repostería;262;2955;592;124;0;900;3554;812;3776;3678;1682;578
2016;67;Finlandia;Bebidas;0;362;0;0;312;0;0;0;329;105;0;0
2016;68;Finlandia;Carnes;304;1816;0;0;0;1486;149;0;0;0;0;28
2016;69;Finlandia;Condimentos;0;650;0;0;0;0;0;650;0;469;0;0
2016;70;Finlandia;Frutas/Verduras;474;0;0;0;0;0;0;0;0;0;138;417
2016;71;Finlandia;Granos/Cereales;377;0;0;0;1821;0;0;0;99;0;0;855
2016;72;Finlandia;Lácteos;0;563;0;0;788;1359;0;0;0;182;1498;0
2016;73;Finlandia;Pescado/Marisco;0;0;0;0;59;0;0;91;0;0;438;0
2016;74;Finlandia;Repostería;155;0;0;0;298;0;0;0;53;0;0;0
2016;75;Francia;Bebidas;981;169;0;0;609;226;64;651;0;0;413;1261
2016;76;Francia;Carnes;263;39;0;0;0;477;0;0;0;0;0;2982
2016;77;Francia;Condimentos;0;0;0;2384;0;0;0;0;311;0;243;1603
2016;78;Francia;Frutas/Verduras;0;433;0;2003;340;0;0;1956;1320;0;0;183
2016;79;Francia;Granos/Cereales;0;2317;394;0;0;0;0;0;590;0;1697;128
2016;80;Francia;Lácteos;0;1307;653;304;0;1739;0;0;673;671;955;0
2016;81;Francia;Pescado/Marisco;227;1324;2322;0;997;1533;772;3567;666;800;267;2235
2016;82;Francia;Repostería;3647;1725;289;0;2048;0;72;0;685;0;669;739
2016;83;Irlanda;Bebidas;0;0;0;0;0;0;0;338;56;651;195;0
2016;84;Irlanda;Carnes;0;0;0;0;0;0;0;0;6618;111;0;0
2016;85;Irlanda;Condimentos;1388;0;0;543;0;0;0;541;0;0;1054;0
2016;86;Irlanda;Frutas/Verduras;0;0;0;1906;0;200;0;0;0;0;0;0
2016;87;Irlanda;Granos/Cereales;0;0;0;325;0;0;0;0;0;1178;0;0
2016;88;Irlanda;Lácteos;0;0;0;0;0;3567;0;707;0;3009;0;0
2016;89;Irlanda;Pescado/Marisco;0;0;0;2571;0;0;0;612;920;0;0;0
2016;90;Irlanda;Repostería;634;0;0;0;0;0;0;0;0;0;0;0
2016;91;Italia;Bebidas;0;0;127;0;0;0;0;0;0;0;0;41
2016;92;Italia;Carnes;0;0;0;0;0;0;0;0;0;0;854;0
2016;93;Italia;Condimentos;0;0;0;0;0;0;0;607;0;0;0;0
2016;94;Italia;Frutas/Verduras;0;506;0;0;0;0;0;0;0;0;50;0
2016;95;Italia;Granos/Cereales;503;0;0;0;0;0;34;980;0;0;443;0
2016;96;Italia;Lácteos;0;119;0;0;0;55;0;0;0;0;616;1296
2016;97;Italia;Pescado/Marisco;240;0;0;0;0;0;0;0;206;0;114;740
2016;98;Italia;Repostería;1642;0;160;0;0;527;0;0;0;111;0;0
2016;99;México;Bebidas;0;0;70;6332;0;875;0;0;252;0;0;0
2016;100;México;Carnes;0;0;0;234;0;1774;0;0;0;0;0;0
2016;101;México;Condimentos;0;0;0;210;0;513;0;0;600;0;0;0
2016;102;México;Frutas/Verduras;0;0;924;0;0;0;0;77;0;0;0;0
2016;103;México;Granos/Cereales;0;0;0;0;117;0;0;78;0;0;0;0
2016;104;México;Lácteos;0;0;0;0;2343;260;0;397;121;0;366;0
2016;105;México;Pescado/Marisco;0;0;353;242;222;0;0;0;73;0;0;0
2016;106;México;Repostería;0;0;0;212;0;0;0;0;1223;0;0;0
2016;107;Noruega;Bebidas;0;0;0;44;0;0;0;0;0;0;0;0
2016;108;Noruega;Carnes;0;0;0;178;0;0;0;0;0;0;0;0
2016;109;Noruega;Pescado/Marisco;0;0;0;0;0;0;0;506;0;0;0;0
2016;110;Polonia;Bebidas;0;0;0;0;0;0;334;0;0;0;0;206
2016;111;Polonia;Carnes;0;0;0;0;0;0;0;0;0;0;0;26
2016;112;Polonia;Lácteos;0;0;0;0;0;0;559;0;0;0;0;0
2016;113;Polonia;Repostería;0;0;0;0;0;0;0;0;0;0;0;213
2016;114;Portugal;Bebidas;0;0;747;0;457;0;218;0;0;0;0;0
2016;115;Portugal;Condimentos;0;0;670;0;879;0;0;0;406;0;0;0
2016;116;Portugal;Granos/Cereales;0;872;987;0;0;0;0;0;568;0;0;0
2016;117;Portugal;Lácteos;0;0;580;0;0;0;0;0;0;0;0;0
2016;118;Portugal;Pescado/Marisco;0;0;0;0;0;0;0;0;876;0;0;0
2016;119;Portugal;Repostería;0;0;187;0;868;0;88;0;0;0;0;0
2016;120;Reino Unido;Bebidas;564;486;327;110;132;450;0;383;0;438;363;0
2016;121;Reino Unido;Carnes;2267;0;0;0;1071;660;0;0;0;556;0;61
2016;122;Reino Unido;Condimentos;0;0;0;0;460;0;0;0;0;0;641;0
2016;123;Reino Unido;Frutas/Verduras;0;0;1888;0;0;1279;0;0;0;0;0;1972
2016;124;Reino Unido;Granos/Cereales;0;243;901;45;0;421;0;95;56;864;699;160
2016;125;Reino Unido;Lácteos;0;304;275;274;935;0;0;342;0;0;600;3488
2016;126;Reino Unido;Pescado/Marisco;0;0;180;0;2342;50;0;0;0;0;358;1542
2016;127;Reino Unido;Repostería;597;163;120;0;1698;289;560;56;0;0;0;204
2016;128;Suecia;Bebidas;0;504;0;0;2842;123;0;0;5249;806;336;331
2016;129;Suecia;Carnes;0;419;0;0;130;0;0;416;51;0;0;0
2016;130;Suecia;Condimentos;0;0;0;0;1399;221;0;0;296;0;0;927
2016;131;Suecia;Frutas/Verduras;0;0;0;0;0;2878;0;0;0;0;1459;1671
2016;132;Suecia;Granos/Cereales;0;0;0;0;0;0;0;0;0;0;216;2713
2016;133;Suecia;Lácteos;0;110;0;0;897;393;0;1251;290;2178;0;28
2016;134;Suecia;Pescado/Marisco;0;299;0;0;741;1032;0;0;0;579;0;113
2016;135;Suecia;Repostería;0;669;0;0;0;240;0;0;0;0;0;341
2016;136;Suiza;Bebidas;0;0;0;0;0;0;0;0;0;0;736;0
2016;137;Suiza;Carnes;0;0;0;0;0;0;0;0;5438;0;0;0
2016;138;Suiza;Condimentos;0;0;0;0;0;0;0;0;237;0;0;0
2016;139;Suiza;Frutas/Verduras;0;0;0;0;351;0;0;0;0;0;1855;0
2016;140;Suiza;Granos/Cereales;0;0;0;1669;0;0;0;0;0;0;855;0
2016;141;Suiza;Lácteos;2292;0;0;354;1377;0;0;0;0;0;1697;0
2016;142;Suiza;Pescado/Marisco;0;0;0;578;457;0;0;0;0;0;1055;0
2016;143;Suiza;Repostería;0;0;0;0;0;0;0;0;0;0;2581;0
2016;144;Venezuela;Bebidas;0;0;1427;75;239;0;385;1103;0;724;1065;703
2016;145;Venezuela;Carnes;0;1247;710;0;0;0;0;0;0;0;0;0
2016;146;Venezuela;Condimentos;475;0;193;0;0;0;0;538;0;0;0;451
2016;147;Venezuela;Frutas/Verduras;0;0;1431;1106;0;0;0;0;0;0;0;0
2016;148;Venezuela;Granos/Cereales;0;0;0;452;769;0;0;0;0;0;0;1405
2016;149;Venezuela;Lácteos;0;0;3010;0;1929;0;2230;2473;0;433;0;909
2016;150;Venezuela;Pescado/Marisco;0;752;0;103;0;0;469;1411;0;461;0;345
2016;151;Venezuela;Repostería;0;347;315;543;0;0;0;0;0;68;1046;821
2017;152;Alemania;Bebidas;995;319;624;1222;7610;683;182;2493;544;3356;0;1270
2017;153;Alemania;Carnes;0;2596;0;1607;274;0;0;288;401;4990;0;4585
2017;154;Alemania;Condimentos;376;1135;0;1647;1915;888;389;0;916;2670;344;1810
2017;155;Alemania;Frutas/Verduras;127;0;0;139;2500;380;0;1125;721;2662;0;979
2017;156;Alemania;Granos/Cereales;0;1286;0;409;187;1136;2664;0;1170;0;0;0
2017;157;Alemania;Lácteos;1288;1581;1329;5428;3385;1795;1008;859;3625;4040;3061;3581
2017;158;Alemania;Pescado/Marisco;0;0;382;1038;2136;581;2363;26;3811;875;1553;341
2017;159;Alemania;Repostería;487;875;0;7361;3634;722;1906;413;1664;3905;0;2556
2017;160;Argentina;Bebidas;0;0;0;60;0;0;0;0;0;0;0;0
2017;161;Argentina;Condimentos;0;0;0;0;0;0;0;0;0;273;0;0
2017;162;Argentina;Frutas/Verduras;254;0;0;0;0;0;0;0;0;378;0;0
2017;163;Argentina;Lácteos;0;0;0;0;123;0;0;0;0;0;0;13
2017;164;Argentina;Pescado/Marisco;0;298;0;106;0;0;0;0;0;0;0;0
2017;165;Argentina;Repostería;103;144;0;79;0;0;0;0;0;53;0;0
2017;166;Austria;Bebidas;0;0;0;388;2287;0;743;0;0;137;0;2552
2017;167;Austria;Carnes;1467;522;0;0;1844;0;0;0;1100;1781;0;2862
2017;168;Austria;Condimentos;2223;853;0;919;599;0;3853;0;0;1460;397;193
2017;169;Austria;Frutas/Verduras;720;0;0;1753;0;278;0;0;0;0;0;7227
2017;170;Austria;Granos/Cereales;1232;0;0;2936;0;386;434;0;0;0;0;171
2017;171;Austria;Lácteos;3101;588;278;0;0;0;2534;1511;1868;313;1173;1589
2017;172;Austria;Pescado/Marisco;0;0;0;0;0;0;0;84;0;0;389;268
2017;173;Austria;Repostería;1450;0;271;3698;0;0;0;5140;514;0;0;1133
2017;174;Bélgica;Bebidas;0;760;678;0;0;0;0;0;0;0;0;1363
2017;175;Bélgica;Carnes;0;0;0;0;356;0;0;0;0;0;0;0
2017;176;Bélgica;Condimentos;0;0;842;0;0;0;0;0;0;0;0;0
2017;177;Bélgica;Frutas/Verduras;0;1076;0;0;0;0;0;1030;0;0;0;0
2017;178;Bélgica;Granos/Cereales;0;437;606;0;0;0;0;0;0;0;0;26
2017;179;Bélgica;Lácteos;0;883;375;0;389;0;0;536;0;0;0;0
2017;180;Bélgica;Repostería;0;762;173;0;292;0;0;0;0;0;0;2012
2017;181;Brasil;Bebidas;248;0;0;50;1226;378;347;1909;651;544;365;1816
2017;182;Brasil;Carnes;1871;0;148;0;0;0;464;990;0;161;297;50
2017;183;Brasil;Condimentos;112;576;0;0;772;0;708;0;0;2414;868;1284
2017;184;Brasil;Frutas/Verduras;1537;0;0;0;0;0;0;0;0;1490;0;454
2017;185;Brasil;Granos/Cereales;0;0;0;934;0;469;0;2685;297;897;0;1050
2017;186;Brasil;Lácteos;1191;36;1294;627;223;0;0;227;270;494;479;1235
2017;187;Brasil;Pescado/Marisco;372;0;47;108;0;520;0;3047;1165;131;941;400
2017;188;Brasil;Repostería;1093;296;1253;66;0;0;757;1034;167;297;0;442
2017;189;Canadá;Bebidas;11924;0;0;0;0;121;398;24;0;0;0;0
2017;190;Canadá;Carnes;1454;0;0;0;0;0;0;0;0;0;0;0
2017;191;Canadá;Condimentos;695;0;0;52;0;0;749;2033;0;159;227;0
2017;192;Canadá;Frutas/Verduras;0;246;0;0;0;0;0;0;0;0;0;0
2017;193;Canadá;Granos/Cereales;0;161;0;313;0;3086;0;1884;0;0;0;0
2017;194;Canadá;Lácteos;1305;461;0;0;0;297;3649;0;0;0;3159;0
2017;195;Canadá;Pescado/Marisco;980;0;0;161;0;0;0;0;0;489;0;0
2017;196;Canadá;Repostería;501;209;0;895;0;0;510;618;0;0;0;0
2017;197;Dinamarca;Bebidas;11696;0;91;0;0;0;0;0;0;209;0;0
2017;198;Dinamarca;Carnes;0;0;2102;0;0;0;423;0;0;0;0;1484
2017;199;Dinamarca;Condimentos;413;0;0;0;0;0;238;592;0;0;0;594
2017;200;Dinamarca;Frutas/Verduras;0;0;0;0;0;0;282;0;0;2586;0;1682
2017;201;Dinamarca;Granos/Cereales;0;0;0;0;0;0;0;0;0;0;0;116
2017;202;Dinamarca;Lácteos;0;0;0;0;0;874;0;0;0;0;0;0
2017;203;Dinamarca;Pescado/Marisco;20;0;505;0;0;0;0;0;643;623;1037;995
2017;204;Dinamarca;Repostería;356;0;361;0;0;0;0;284;0;0;0;992
2017;205;España;Carnes;0;0;0;0;335;0;0;2404;0;0;0;3798
2017;206;España;Condimentos;0;0;0;0;323;0;0;0;0;0;0;0
2017;207;España;Granos/Cereales;382;0;0;0;0;0;0;305;0;0;0;0
2017;208;España;Pescado/Marisco;0;0;0;0;0;162;0;0;0;0;0;0
2017;209;España;Repostería;0;0;0;0;149;0;0;0;0;0;0;0
2017;210;Estados Unidos;Bebidas;0;682;7657;549;106;1141;5868;0;203;2249;1159;3336
2017;211;Estados Unidos;Carnes;344;2217;747;4378;0;1372;3990;788;240;7526;0;0
2017;212;Estados Unidos;Condimentos;337;3743;337;747;0;440;1087;188;1346;83;629;0
2017;213;Estados Unidos;Frutas/Verduras;0;542;0;0;316;1824;1444;470;1255;0;226;0
2017;214;Estados Unidos;Granos/Cereales;2234;0;864;0;0;1770;1929;0;3385;783;2593;0
2017;215;Estados Unidos;Lácteos;1077;0;2568;0;715;535;3994;0;4866;3694;1128;0
2017;216;Estados Unidos;Pescado/Marisco;376;0;138;0;0;38;4452;542;2060;3646;2772;205
2017;217;Estados Unidos;Repostería;238;2686;538;113;0;818;3231;738;3433;3344;1529;525
2017;218;Finlandia;Bebidas;0;329;0;0;284;0;0;0;299;95;0;0
2017;219;Finlandia;Carnes;276;1651;0;0;0;1351;135;0;0;0;0;25
2017;220;Finlandia;Condimentos;0;591;0;0;0;0;0;591;0;426;0;0
2017;221;Finlandia;Frutas/Verduras;431;0;0;0;0;0;0;0;0;0;125;379
2017;222;Finlandia;Granos/Cereales;343;0;0;0;1655;0;0;0;90;0;0;777
2017;223;Finlandia;Lácteos;0;512;0;0;716;1235;0;0;0;165;1362;0
2017;224;Finlandia;Pescado/Marisco;0;0;0;0;54;0;0;83;0;0;398;0
2017;225;Finlandia;Repostería;141;0;0;0;271;0;0;0;48;0;0;0
2017;226;Francia;Bebidas;892;154;0;0;554;205;58;592;0;0;375;1146
2017;227;Francia;Carnes;239;35;0;0;0;434;0;0;0;0;0;2711
2017;228;Francia;Condimentos;0;0;0;2167;0;0;0;0;283;0;221;1457
2017;229;Francia;Frutas/Verduras;0;394;0;1821;309;0;0;1778;1200;0;0;166
2017;230;Francia;Granos/Cereales;0;2106;358;0;0;0;0;0;536;0;1543;116
2017;231;Francia;Lácteos;0;1188;594;276;0;1581;0;0;612;610;868;0
2017;232;Francia;Pescado/Marisco;206;1204;2111;0;906;1394;702;3243;605;727;243;2032
2017;233;Francia;Repostería;3315;1568;263;0;1862;0;65;0;623;0;608;672
2017;234;Irlanda;Bebidas;0;0;0;0;0;0;0;307;51;592;177;0
2017;235;Irlanda;Carnes;0;0;0;0;0;0;0;0;6016;101;0;0
2017;236;Irlanda;Condimentos;1262;0;0;494;0;0;0;492;0;0;958;0
2017;237;Irlanda;Frutas/Verduras;0;0;0;1733;0;182;0;0;0;0;0;0
2017;238;Irlanda;Granos/Cereales;0;0;0;295;0;0;0;0;0;1071;0;0
2017;239;Irlanda;Lácteos;0;0;0;0;0;3243;0;643;0;2735;0;0
2017;240;Irlanda;Pescado/Marisco;0;0;0;2337;0;0;0;556;836;0;0;0
2017;241;Irlanda;Repostería;576;0;0;0;0;0;0;0;0;0;0;0
2017;242;Italia;Bebidas;0;0;115;0;0;0;0;0;0;0;0;37
2017;243;Italia;Carnes;0;0;0;0;0;0;0;0;0;0;776;0
2017;244;Italia;Condimentos;0;0;0;0;0;0;0;552;0;0;0;0
2017;245;Italia;Frutas/Verduras;0;460;0;0;0;0;0;0;0;0;45;0
2017;246;Italia;Granos/Cereales;457;0;0;0;0;0;31;891;0;0;403;0
2017;247;Italia;Lácteos;0;108;0;0;0;50;0;0;0;0;560;1178
2017;248;Italia;Pescado/Marisco;218;0;0;0;0;0;0;0;187;0;104;673
2017;249;Italia;Repostería;1493;0;145;0;0;479;0;0;0;101;0;0
2017;250;México;Bebidas;0;0;64;5756;0;795;0;0;229;0;0;0
2017;251;México;Carnes;0;0;0;213;0;1613;0;0;0;0;0;0
2017;252;México;Condimentos;0;0;0;191;0;466;0;0;545;0;0;0
2017;253;México;Frutas/Verduras;0;0;840;0;0;0;0;70;0;0;0;0
2017;254;México;Granos/Cereales;0;0;0;0;106;0;0;71;0;0;0;0
2017;255;México;Lácteos;0;0;0;0;2130;236;0;361;110;0;333;0
2017;256;México;Pescado/Marisco;0;0;321;220;202;0;0;0;66;0;0;0
2017;257;México;Repostería;0;0;0;193;0;0;0;0;1112;0;0;0
2017;258;Noruega;Bebidas;0;0;0;40;0;0;0;0;0;0;0;0
2017;259;Noruega;Carnes;0;0;0;162;0;0;0;0;0;0;0;0
2017;260;Noruega;Pescado/Marisco;0;0;0;0;0;0;0;460;0;0;0;0
2017;261;Polonia;Bebidas;0;0;0;0;0;0;304;0;0;0;0;187
2017;262;Polonia;Carnes;0;0;0;0;0;0;0;0;0;0;0;24
2017;263;Polonia;Lácteos;0;0;0;0;0;0;508;0;0;0;0;0
2017;264;Polonia;Repostería;0;0;0;0;0;0;0;0;0;0;0;194
2017;265;Portugal;Bebidas;0;0;679;0;415;0;198;0;0;0;0;0
2017;266;Portugal;Condimentos;0;0;609;0;799;0;0;0;369;0;0;0
2017;267;Portugal;Granos/Cereales;0;793;897;0;0;0;0;0;516;0;0;0
2017;268;Portugal;Lácteos;0;0;527;0;0;0;0;0;0;0;0;0
2017;269;Portugal;Pescado/Marisco;0;0;0;0;0;0;0;0;796;0;0;0
2017;270;Portugal;Repostería;0;0;170;0;789;0;80;0;0;0;0;0
2017;271;Reino Unido;Bebidas;513;442;297;100;120;409;0;348;0;398;330;0
2017;272;Reino Unido;Carnes;2061;0;0;0;974;600;0;0;0;505;0;55
2017;273;Reino Unido;Condimentos;0;0;0;0;418;0;0;0;0;0;583;0
2017;274;Reino Unido;Frutas/Verduras;0;0;1716;0;0;1163;0;0;0;0;0;1793
2017;275;Reino Unido;Granos/Cereales;0;221;819;41;0;383;0;86;51;785;635;145
2017;276;Reino Unido;Lácteos;0;276;250;249;850;0;0;311;0;0;545;3171
2017;277;Reino Unido;Pescado/Marisco;0;0;164;0;2129;45;0;0;0;0;325;1402
2017;278;Reino Unido;Repostería;543;148;109;0;1544;263;509;51;0;0;0;185
2017;279;Suecia;Bebidas;0;458;0;0;2584;112;0;0;4772;733;305;301
2017;280;Suecia;Carnes;0;381;0;0;118;0;0;378;46;0;0;0
2017;281;Suecia;Condimentos;0;0;0;0;1272;201;0;0;269;0;0;843
2017;282;Suecia;Frutas/Verduras;0;0;0;0;0;2616;0;0;0;0;1326;1519
2017;283;Suecia;Granos/Cereales;0;0;0;0;0;0;0;0;0;0;196;2466
2017;284;Suecia;Lácteos;0;100;0;0;815;357;0;1137;264;1980;0;25
2017;285;Suecia;Pescado/Marisco;0;272;0;0;674;938;0;0;0;526;0;103
2017;286;Suecia;Repostería;0;608;0;0;0;218;0;0;0;0;0;310
2017;287;Suiza;Bebidas;0;0;0;0;0;0;0;0;0;0;669;0
2017;288;Suiza;Carnes;0;0;0;0;0;0;0;0;4944;0;0;0
2017;289;Suiza;Condimentos;0;0;0;0;0;0;0;0;215;0;0;0
2017;290;Suiza;Frutas/Verduras;0;0;0;0;319;0;0;0;0;0;1686;0
2017;291;Suiza;Granos/Cereales;0;0;0;1517;0;0;0;0;0;0;777;0
2017;292;Suiza;Lácteos;2084;0;0;322;1252;0;0;0;0;0;1543;0
2017;293;Suiza;Pescado/Marisco;0;0;0;525;415;0;0;0;0;0;959;0
2017;294;Suiza;Repostería;0;0;0;0;0;0;0;0;0;0;2346;0
2017;295;Venezuela;Bebidas;0;0;1297;68;217;0;350;1003;0;658;968;639
2017;296;Venezuela;Carnes;0;1134;645;0;0;0;0;0;0;0;0;0
2017;297;Venezuela;Condimentos;432;0;175;0;0;0;0;489;0;0;0;410
2017;298;Venezuela;Frutas/Verduras;0;0;1301;1005;0;0;0;0;0;0;0;0
2017;299;Venezuela;Granos/Cereales;0;0;0;411;699;0;0;0;0;0;0;1277
2017;300;Venezuela;Lácteos;0;0;2736;0;1754;0;2027;2248;0;394;0;826
2017;301;Venezuela;Pescado/Marisco;0;684;0;94;0;0;426;1283;0;419;0;314
2017;302;Venezuela;Repostería;0;315;286;494;0;0;0;0;0;62;951;746
2018;303;Alemania;Bebidas;9148;16790;2160;3649;1180;831;231;2815;556;4349;0;1487
2018;304;Alemania;Carnes;1193;3230;640;817;0;0;0;355;425;5992;0;5364
2018;305;Alemania;Condimentos;510;1228;1034;359;0;991;427;0;1051;2977;426;1931
2018;306;Alemania;Frutas/Verduras;635;0;1733;3141;0;441;0;1335;794;3036;0;1153
2018;307;Alemania;Granos/Cereales;3909;0;0;629;0;1295;2991;0;1240;0;0;0
2018;308;Alemania;Lácteos;1450;0;3190;10344;278;1961;1045;940;4664;4953;3482;4194
2018;309;Alemania;Pescado/Marisco;2780;1545;772;1696;90;720;3001;31;4457;992;1696;415
2018;310;Alemania;Repostería;3679;1769;1929;3583;578;744;2451;506;1833;5087;0;2832
2018;311;Argentina;Bebidas;1072;0;522;299;0;0;0;0;0;0;0;0
2018;312;Argentina;Condimentos;0;0;683;0;0;0;0;0;0;306;0;0
2018;313;Argentina;Frutas/Verduras;0;0;552;0;0;0;0;0;0;435;0;0
2018;314;Argentina;Granos/Cereales;0;417;0;0;0;0;0;0;0;0;0;13
2018;315;Argentina;Lácteos;0;220;812;26;0;0;0;0;0;0;0;0
2018;316;Argentina;Pescado/Marisco;0;180;0;35;0;0;0;0;0;57;0;0
2018;317;Argentina;Repostería;452;100;1131;44;0;0;841;0;0;146;0;3070
2018;318;Austria;Bebidas;120;1491;486;2562;170;0;0;0;1430;2147;0;3611
2018;319;Austria;Carnes;0;0;0;1623;0;0;4911;0;0;1748;413;207
2018;320;Austria;Condimentos;0;0;1651;2416;0;316;0;0;0;0;0;8144
2018;321;Austria;Frutas/Verduras;0;0;531;3048;0;474;517;0;0;0;0;200
2018;322;Austria;Granos/Cereales;3395;0;139;790;4634;0;3123;1753;2333;358;1183;1708
2018;323;Austria;Lácteos;2330;3552;2250;7629;0;0;0;105;0;0;437;305
2018;324;Austria;Pescado/Marisco;3701;1891;0;2346;400;0;0;6112;519;0;0;1441
2018;325;Austria;Repostería;0;0;1358;685;332;0;0;0;0;0;0;1465
2018;326;Bélgica;Bebidas;496;916;0;1487;0;0;0;0;0;0;0;0
2018;327;Bélgica;Carnes;0;0;594;76;0;0;0;0;0;0;0;0
2018;328;Bélgica;Condimentos;675;352;913;0;0;0;0;1167;0;0;0;0
2018;329;Bélgica;Frutas/Verduras;198;0;0;0;0;0;0;0;0;0;0;25
2018;330;Bélgica;Granos/Cereales;1323;641;0;482;0;0;0;606;0;0;0;0
2018;331;Bélgica;Lácteos;2545;2252;0;737;0;0;0;0;0;0;0;2069
2018;332;Bélgica;Pescado/Marisco;525;162;548;98;0;417;416;2348;769;682;384;1984
2018;333;Bélgica;Repostería;0;0;2050;223;0;0;481;1124;0;178;375;56
2018;334;Brasil;Bebidas;805;968;17346;1606;1815;0;841;0;0;2973;1025;1553
2018;335;Brasil;Carnes;978;0;626;436;0;0;0;0;0;1710;0;501
2018;336;Brasil;Condimentos;164;1790;920;804;374;489;0;3505;351;998;0;1242
2018;337;Brasil;Frutas/Verduras;0;0;0;0;349;0;0;279;321;530;527;1551
2018;338;Brasil;Granos/Cereales;339;0;222;0;0;634;0;3649;1373;160;1149;450
2018;339;Brasil;Lácteos;3875;1160;337;2475;0;0;951;1138;208;376;0;487
2018;340;Brasil;Pescado/Marisco;1444;4307;951;207;0;128;479;26;0;0;0;0
2018;341;Brasil;Repostería;476;2430;0;356;0;0;0;0;0;0;0;0
2018;342;Canadá;Bebidas;75;0;1609;159;0;0;944;2093;0;172;269;0
2018;343;Canadá;Carnes;0;0;219;0;0;0;0;0;0;0;0;0
2018;344;Canadá;Condimentos;0;0;1450;0;0;3622;0;2212;0;0;0;0
2018;345;Canadá;Frutas/Verduras;0;0;578;1241;0;358;4468;0;0;0;3458;0
2018;346;Canadá;Granos/Cereales;0;0;754;0;0;0;0;0;0;582;0;0
2018;347;Canadá;Lácteos;0;0;962;43;0;0;595;724;0;0;0;0
2018;348;Canadá;Pescado/Marisco;43;0;1008;0;0;0;0;0;0;228;0;0
2018;349;Canadá;Repostería;81;0;2741;1492;0;0;536;0;0;0;0;1783
2018;350;Dinamarca;Bebidas;0;0;298;0;0;0;271;676;0;0;0;625
2018;351;Dinamarca;Condimentos;0;0;2526;0;0;0;338;0;0;3140;0;1838
2018;352;Dinamarca;Lácteos;0;0;0;999;0;0;0;0;0;0;0;120
2018;353;Dinamarca;Pescado/Marisco;0;0;740;0;0;916;0;0;0;0;0;0
2018;354;Dinamarca;Repostería;0;0;0;0;252;0;0;0;703;657;1226;1192
2018;355;España;Bebidas;0;848;88;110;0;0;0;317;0;0;0;1197
2018;356;España;Carnes;0;667;94;0;0;0;0;2923;0;0;0;3979
2018;357;España;Condimentos;0;411;0;0;0;0;0;0;0;0;0;0
2018;358;España;Frutas/Verduras;0;0;2003;0;0;0;0;370;0;0;0;0
2018;359;España;Granos/Cereales;0;575;305;169;0;174;0;0;0;0;0;0
2018;360;España;Lácteos;0;0;331;300;0;0;0;0;0;0;0;0
2018;361;España;Pescado/Marisco;0;294;27;618;0;1371;7159;0;231;2878;1302;4105
2018;362;España;Repostería;0;1231;197;26;0;1534;4415;868;274;9362;0;0
2018;363;Estados Unidos;Bebidas;10855;12675;90;11538;1134;526;1133;197;1681;90;695;0
2018;364;Estados Unidos;Carnes;2007;355;0;9629;3923;2300;1731;560;1326;0;239;0
2018;365;Estados Unidos;Condimentos;339;251;447;2909;225;2085;2239;0;4109;946;3012;0
2018;366;Estados Unidos;Frutas/Verduras;331;114;2652;0;51;618;5099;0;5707;4066;1319;0
2018;367;Estados Unidos;Granos/Cereales;3040;1251;335;1434;106;45;4618;666;2276;3807;3351;210
2018;368;Estados Unidos;Lácteos;2888;2645;2286;9038;180;881;3451;825;3793;3640;1719;633
2018;369;Estados Unidos;Pescado/Marisco;3512;369;2110;2373;253;0;0;0;311;102;0;0
2018;370;Estados Unidos;Repostería;5384;2642;5902;362;1226;1442;159;0;0;0;0;26
2018;371;Finlandia;Bebidas;0;177;0;222;0;0;0;695;0;553;0;0
2018;372;Finlandia;Condimentos;0;385;0;0;0;0;0;0;0;0;125;437
2018;373;Finlandia;Frutas/Verduras;0;128;0;0;0;0;0;0;91;0;0;954
2018;374;Finlandia;Lácteos;0;0;0;541;0;1544;0;0;0;186;1723;0
2018;375;Finlandia;Pescado/Marisco;0;235;0;127;0;0;0;92;0;0;435;0
2018;376;Finlandia;Repostería;0;484;0;0;0;0;0;0;56;0;0;0
2018;377;Francia;Bebidas;2392;244;2924;45;0;220;68;690;0;0;453;1376
2018;378;Francia;Carnes;0;1183;1813;0;0;497;0;0;0;0;0;3357
2018;379;Francia;Condimentos;1230;1298;0;0;546;0;0;0;288;0;242;1786
2018;380;Francia;Frutas/Verduras;509;0;281;0;505;0;0;2241;1357;0;0;208
2018;381;Francia;Granos/Cereales;411;659;184;0;0;0;0;0;630;0;1864;147
2018;382;Francia;Lácteos;499;0;986;218;0;1809;0;0;791;663;1030;0
2018;383;Francia;Pescado/Marisco;665;439;560;0;0;1654;781;3322;676;801;278;2171
2018;384;Francia;Repostería;1097;218;1863;0;102;0;74;0;744;0;686;769
2018;385;Irlanda;Bebidas;0;0;0;462;0;0;0;403;57;655;194;0
2018;386;Irlanda;Carnes;0;18852;0;0;0;0;0;0;7208;124;0;0
2018;387;Irlanda;Lácteos;0;959;1118;0;0;0;0;538;0;0;1215;0
2018;388;Irlanda;Pescado/Marisco;0;1005;500;986;0;212;0;0;0;0;0;0
2018;389;Irlanda;Repostería;0;0;661;0;0;0;0;0;0;1143;0;0
2018;390;Italia;Bebidas;0;0;791;227;0;3709;0;752;0;3317;0;0
2018;391;Italia;Carnes;0;0;0;335;0;0;0;687;953;0;0;0
2018;392;Italia;Condimentos;255;0;128;125;0;0;0;0;0;0;0;0
2018;393;Italia;Frutas/Verduras;0;598;0;1084;0;0;0;0;0;0;0;45
2018;394;Italia;Granos/Cereales;0;89;0;0;0;0;0;0;0;0;847;0
2018;395;Italia;Lácteos;2083;0;0;139;0;0;0;646;0;0;0;0
2018;396;Italia;Pescado/Marisco;209;0;0;488;0;0;0;0;0;0;49;0
2018;397;Italia;Repostería;0;0;624;0;0;0;38;1055;0;0;468;0
2018;398;México;Bebidas;857;0;0;0;448;56;0;0;0;0;609;1364
2018;399;México;Carnes;0;461;0;0;0;0;0;0;228;0;115;770
2018;400;México;Frutas/Verduras;0;0;0;1144;0;534;0;0;0;120;0;0
2018;401;México;Granos/Cereales;326;0;0;0;0;856;0;0;245;0;0;0
2018;402;México;Lácteos;309;84;442;143;205;1830;0;0;0;0;0;0
2018;403;México;Pescado/Marisco;0;0;66;0;0;546;0;0;652;0;0;0
2018;404;México;Repostería;270;0;68;0;0;0;0;72;0;0;0;0
2018;405;Noruega;Bebidas;2951;0;0;0;0;0;0;81;0;0;0;0
2018;406;Noruega;Condimentos;0;0;0;250;0;263;0;453;112;0;375;0
2018;407;Noruega;Frutas/Verduras;0;395;0;0;0;0;0;0;82;0;0;0
2018;408;Noruega;Pescado/Marisco;0;54;0;396;0;0;0;0;1247;0;0;0
2018;409;Noruega;Repostería;20;281;0;0;0;0;0;0;0;0;0;0
2018;410;Polonia;Bebidas;0;0;0;297;0;0;0;0;0;0;0;0
2018;411;Polonia;Condimentos;0;472;0;219;0;0;0;507;0;0;0;0
2018;412;Polonia;Frutas/Verduras;0;0;0;205;0;0;320;0;0;0;0;238
2018;413;Polonia;Repostería;0;0;0;682;0;0;0;0;0;0;0;27
2018;414;Portugal;Carnes;0;0;0;1197;0;0;529;0;0;0;0;0
2018;415;Portugal;Condimentos;0;0;0;1257;0;0;0;0;0;0;0;224
2018;416;Portugal;Granos/Cereales;0;0;0;192;0;0;204;0;0;0;0;0
2018;417;Portugal;Lácteos;0;0;75;0;0;0;0;0;459;0;0;0
2018;418;Reino Unido;Bebidas;191;1024;280;1819;0;0;0;0;585;0;0;0
2018;419;Reino Unido;Carnes;306;0;67;832;0;0;0;0;0;0;0;0
2018;420;Reino Unido;Condimentos;1418;0;847;1237;0;0;0;0;1002;0;0;0
2018;421;Reino Unido;Frutas/Verduras;0;0;2010;1421;0;0;80;0;0;0;0;0
2018;422;Reino Unido;Granos/Cereales;0;436;478;0;0;427;0;413;0;482;363;0
2018;423;Reino Unido;Lácteos;668;217;1428;3196;0;712;0;0;0;582;0;60
2018;424;Reino Unido;Pescado/Marisco;69;0;278;319;0;0;0;0;0;0;669;0
2018;425;Reino Unido;Repostería;0;270;4580;428;0;1426;0;0;0;0;0;1999
2018;426;Suecia;Bebidas;471;1120;918;972;0;400;0;92;62;886;774;182
2018;427;Suecia;Carnes;1235;779;0;6537;0;0;0;360;0;0;659;3504
2018;428;Suecia;Condimentos;305;905;914;0;0;52;0;0;0;0;364;1585
2018;429;Suecia;Frutas/Verduras;0;0;2251;1988;0;289;548;60;0;0;0;242
2018;430;Suecia;Granos/Cereales;0;273;0;537;0;123;0;0;5481;892;335;337
2018;431;Suecia;Pescado/Marisco;640;1168;692;628;0;0;0;456;57;0;0;0
2018;432;Suecia;Repostería;1746;977;312;0;0;235;0;0;296;0;0;890
2018;433;Suiza;Bebidas;0;0;422;592;251;2991;0;0;0;0;1481;1917
2018;434;Suiza;Carnes;0;0;0;2493;0;0;0;0;0;0;203;2703
2018;435;Suiza;Condimentos;0;0;0;1825;0;403;0;1353;306;2056;0;30
2018;436;Suiza;Granos/Cereales;0;0;1070;763;0;933;0;0;0;614;0;122
2018;437;Suiza;Lácteos;0;0;39;1391;0;266;0;0;0;0;0;340
2018;438;Suiza;Pescado/Marisco;0;0;540;0;388;0;0;0;0;0;791;0
2018;439;Suiza;Repostería;0;0;597;0;0;0;0;0;6046;0;0;0
2018;440;Venezuela;Bebidas;280;531;847;560;0;0;0;0;268;0;0;0
2018;441;Venezuela;Carnes;0;0;0;0;140;0;0;0;0;0;1909;0
2018;442;Venezuela;Condimentos;197;0;0;0;0;0;0;0;0;0;930;0
2018;443;Venezuela;Frutas/Verduras;0;0;915;2076;518;0;0;0;0;0;2007;0
2018;444;Venezuela;Granos/Cereales;426;0;269;1037;0;0;0;0;0;0;1129;0
2018;445;Venezuela;Lácteos;2591;587;1256;1650;0;0;0;0;0;0;2892;0
2018;446;Venezuela;Pescado/Marisco;3230;436;1887;520;155;0;414;1153;0;724;1096;688
2018;447;Venezuela;Repostería;226;0;1344;1635;0;0;0;0;0;0;0;0
2019;448;Alemania;Bebidas;10212;21807;4150;6905;1843;1102;299;4599;1084;5287;3908;2908
2019;449;Alemania;Carnes;1813;5525;849;1624;0;0;0;373;777;11633;7850;9834
2019;450;Alemania;Condimentos;659;2279;1324;607;0;1200;472;0;1437;4269;774;2098
2019;451;Alemania;Frutas/Verduras;908;0;2038;4595;0;591;0;1763;1478;4412;0;1481
2019;452;Alemania;Granos/Cereales;7108;0;0;1251;0;1626;3421;0;2153;0;0;0
2019;453;Alemania;Lácteos;2815;0;4239;19025;391;2011;1329;1285;7417;8394;5512;4215
2019;454;Alemania;Pescado/Marisco;4775;2555;1524;1779;176;1095;4028;40;5500;1733;1891;439
2019;455;Alemania;Repostería;6629;2849;3119;3784;659;1235;2867;537;2632;5763;0;4896
2019;456;Argentina;Bebidas;1596;0;969;423;0;0;0;0;0;0;0;0
2019;457;Argentina;Condimentos;2312;2500;1888;1250;970;2300;2100;2200;700;479;0;0
2019;458;Argentina;Frutas/Verduras;5692;1289;1076;0;0;0;0;0;0;567;0;0
2019;459;Argentina;Granos/Cereales;0;777;0;0;0;2057;1505;1289;7413;8997;0;14
2019;460;Argentina;Lácteos;0;337;1264;4512;0;1391;4068;398;550;1732;0;0
2019;461;Argentina;Pescado/Marisco;0;267;0;4903;0;0;0;0;0;71;0;0
2019;462;Argentina;Repostería;740;116;1204;630;1100;1300;1125;2020;2890;1784;3500;4644
2019;463;Austria;Bebidas;208;2206;959;4304;336;500;900;1500;2113;3734;2544;6516
2019;464;Austria;Carnes;0;0;0;2812;3000;4500;8052;9000;2340;3335;6473;4000
2019;465;Austria;Condimentos;0;0;3022;2454;0;392;0;0;0;0;0;10809
2019;466;Austria;Frutas/Verduras;0;0;832;5395;0;590;708;0;0;0;0;230
2019;467;Austria;Granos/Cereales;4576;0;259;1122;4875;0;3642;2881;2471;614;2203;2155
2019;468;Austria;Lácteos;3692;6881;3604;13441;0;0;0;208;0;0;645;455
2019;469;Austria;Pescado/Marisco;5647;2982;0;3686;787;0;0;10505;946;0;0;1892
2019;470;Austria;Repostería;0;0;2115;1003;429;0;0;0;0;0;0;2008
2019;471;Bélgica;Bebidas;938;1796;0;2045;0;0;0;0;0;0;0;0
2019;472;Bélgica;Carnes;0;0;717;100;0;0;0;0;0;0;0;0
2019;473;Bélgica;Condimentos;867;488;1325;0;0;0;0;1230;0;0;0;0
2019;474;Bélgica;Frutas/Verduras;320;0;0;0;0;0;0;0;0;0;0;49
2019;475;Bélgica;Granos/Cereales;2204;765;0;622;0;0;0;777;0;0;0;0
2019;476;Bélgica;Lácteos;4739;2484;0;1468;0;0;0;0;0;0;0;2683
2019;477;Bélgica;Pescado/Marisco;1037;295;985;133;0;644;603;3482;1165;1297;394;3154
2019;478;Bélgica;Repostería;0;0;2539;340;0;0;725;2179;0;214;612;97
2019;479;Brasil;Bebidas;1059;1153;19802;2095;3043;0;1139;0;0;5146;1666;1853
2019;480;Brasil;Carnes;1312;0;1069;795;0;0;0;0;0;3265;0;668
2019;481;Brasil;Condimentos;185;3027;1357;1029;644;948;0;3581;439;1844;0;2461
2019;482;Brasil;Frutas/Verduras;0;0;0;0;455;0;0;370;324;534;642;2786
2019;483;Brasil;Granos/Cereales;490;0;440;0;0;1065;0;6144;2302;239;1433;691
2019;484;Brasil;Lácteos;7117;1630;626;4018;0;0;1382;2165;293;608;0;738
2019;485;Brasil;Pescado/Marisco;1883;4689;1617;225;0;247;589;49;0;0;0;0
2019;486;Brasil;Repostería;533;4292;0;460;0;0;0;0;0;0;0;0
2019;487;Canadá;Bebidas;86;0;2220;169;0;0;1600;3792;0;174;500;0
2019;488;Canadá;Carnes;0;0;236;0;0;0;0;0;0;0;0;0
2019;489;Canadá;Condimentos;0;0;2824;0;0;6507;0;4003;0;0;0;0
2019;490;Canadá;Frutas/Verduras;0;0;781;2095;0;561;7216;0;0;0;6788;0
2019;491;Canadá;Granos/Cereales;0;0;1137;0;0;0;0;0;0;768;0;0
2019;492;Canadá;Lácteos;0;0;972;59;0;0;1006;1019;0;0;0;0
2019;493;Canadá;Pescado/Marisco;84;0;1132;0;0;0;0;0;0;411;0;0
2019;494;Canadá;Repostería;112;0;5177;2347;0;0;632;0;0;0;0;2004
2019;495;Dinamarca;Bebidas;0;0;473;0;0;0;335;948;0;0;0;1175
2019;496;Dinamarca;Condimentos;0;0;4242;0;0;0;602;0;0;6076;0;3246
2019;497;Dinamarca;Lácteos;0;0;0;1185;0;0;0;0;0;0;0;217
2019;498;Dinamarca;Pescado/Marisco;0;0;1201;0;0;1606;0;0;0;0;0;0
2019;499;Dinamarca;Repostería;0;0;0;0;304;0;0;0;950;1249;2085;1940
2019;500;España;Bebidas;0;1664;174;214;0;0;0;601;0;0;0;1668
2019;501;España;Carnes;0;1314;119;0;391;1792;0;3353;0;341;0;6060
2019;502;España;Condimentos;0;653;0;0;98;2467;2707;0;0;6197;5258;0
2019;503;España;Frutas/Verduras;0;0;3650;0;0;0;0;626;2343;0;0;0
2019;504;España;Granos/Cereales;0;857;522;235;0;304;6197;0;0;0;0;0
2019;505;España;Lácteos;0;0;341;449;1652;3095;9775;5360;1518;5310;6740;0
2019;506;España;Pescado/Marisco;0;515;36;874;0;1792;13727;0;303;5509;1564;8068
2019;507;España;Repostería;0;1456;281;28;0;2318;8253;965;532;15690;0;0
2019;508;Estados Unidos;Bebidas;13331;12969;113;17256;1919;644;1668;331;2707;165;1018;0
2019;509;Estados Unidos;Carnes;3996;547;0;9853;7325;2896;2467;970;1415;0;451;0
2019;510;Estados Unidos;Condimentos;496;479;646;3389;444;2117;2865;0;7009;1723;5258;0
2019;511;Estados Unidos;Frutas/Verduras;375;164;3815;0;98;893;7870;0;6219;6197;1810;0
2019;512;Estados Unidos;Granos/Cereales;3459;2363;391;1929;163;68;5422;759;2365;4817;5163;341
2019;513;Estados Unidos;Lácteos;5076;3929;2829;15388;310;978;5310;1252;5319;6798;2343;828
2019;514;Estados Unidos;Pescado/Marisco;3803;414;3292;3072;369;0;0;0;359;160;0;0
2019;515;Estados Unidos;Repostería;6850;4344;6116;474;1454;1544;212;0;0;0;0;46
2019;516;Finlandia;Bebidas;0;292;0;346;0;0;0;1096;0;659;0;0
2019;517;Finlandia;Condimentos;0;622;0;0;0;0;0;0;0;0;207;447
2019;518;Finlandia;Frutas/Verduras;0;229;0;0;0;0;0;0;108;0;0;1856
2019;519;Finlandia;Lácteos;0;0;0;563;0;2333;0;0;0;258;2139;0
2019;520;Finlandia;Pescado/Marisco;0;387;0;204;0;0;0;139;0;0;833;0
2019;521;Finlandia;Repostería;0;899;0;0;0;0;0;0;81;0;0;0
2019;522;Francia;Bebidas;3571;406;3271;52;0;425;100;1291;0;0;460;2158
2019;523;Francia;Carnes;0;1898;1996;0;0;577;0;0;0;0;0;4108
2019;524;Francia;Condimentos;2419;1538;0;0;1026;0;0;0;485;0;366;2971
2019;525;Francia;Frutas/Verduras;707;0;289;0;958;0;0;2515;2573;0;0;385
2019;526;Francia;Granos/Cereales;682;1095;335;0;0;0;0;0;849;0;2711;157
2019;527;Francia;Lácteos;641;0;1461;223;0;2287;0;0;1530;1179;1585;0
2019;528;Francia;Pescado/Marisco;686;852;741;0;0;1816;1019;4995;1283;1391;286;2490
2019;529;Francia;Repostería;1150;244;2535;0;104;0;147;0;1217;0;902;1392
2019;530;Irlanda;Bebidas;0;0;0;724;0;0;0;681;94;788;337;0
2019;531;Irlanda;Carnes;0;32028;0;0;0;0;0;0;13762;245;0;0
2019;532;Irlanda;Lácteos;0;1342;1412;0;0;0;0;774;0;0;2192;0
2019;533;Irlanda;Pescado/Marisco;0;1184;890;1138;0;234;0;0;0;0;0;0
2019;534;Irlanda;Repostería;0;0;869;0;0;0;0;0;0;1385;0;0
2019;535;Italia;Bebidas;0;0;1412;352;0;3934;0;1172;0;4170;0;0
2019;536;Italia;Carnes;0;0;0;336;0;0;0;942;1660;0;0;0
2019;537;Italia;Condimentos;498;0;247;150;0;0;0;0;0;0;0;0
2019;538;Italia;Frutas/Verduras;0;910;0;2112;0;0;0;0;0;0;0;63
2019;539;Italia;Granos/Cereales;0;154;0;0;0;0;0;0;0;0;885;0
2019;540;Italia;Lácteos;3839;0;0;261;0;0;0;793;0;0;0;0
2019;541;Italia;Pescado/Marisco;350;0;0;972;0;0;0;0;0;0;77;0
2019;542;Italia;Repostería;0;0;1082;0;0;0;70;1139;0;0;637;0
2019;543;México;Bebidas;1065;0;0;0;784;79;0;0;0;0;1182;2712
2019;544;México;Carnes;0;819;0;0;0;0;0;0;244;0;158;1193
2019;545;México;Frutas/Verduras;0;0;0;1471;0;609;0;0;0;169;0;0
2019;546;México;Granos/Cereales;447;0;0;0;0;1625;0;0;478;0;0;0
2019;547;México;Lácteos;473;103;730;203;265;3627;0;0;0;0;0;0
2019;548;México;Pescado/Marisco;0;0;111;0;0;940;0;0;877;0;0;0
2019;549;México;Repostería;489;0;130;0;0;0;0;104;0;0;0;0
2019;550;Noruega;Bebidas;4090;0;0;0;0;0;0;119;0;0;0;0
2019;551;Noruega;Condimentos;0;0;0;435;0;402;0;476;164;0;524;0
2019;552;Noruega;Frutas/Verduras;0;433;0;0;0;0;0;0;82;0;0;0
2019;553;Noruega;Pescado/Marisco;0;57;0;573;0;0;0;0;1377;0;0;0
2019;554;Noruega;Repostería;28;421;0;0;0;0;0;0;0;0;0;0
2019;555;Polonia;Bebidas;0;0;0;436;0;0;0;0;0;0;0;0
2019;556;Polonia;Condimentos;0;725;0;244;0;0;0;606;0;0;0;0
2019;557;Polonia;Frutas/Verduras;0;0;0;225;0;0;535;0;0;0;0;359
2019;558;Polonia;Repostería;0;0;0;813;0;0;0;0;0;0;0;40
2019;559;Portugal;Carnes;0;0;0;1697;0;0;764;0;0;0;0;0
2019;560;Portugal;Condimentos;0;0;0;1575;0;0;0;0;0;0;0;388
2019;561;Portugal;Granos/Cereales;0;0;0;252;0;0;257;0;0;0;0;0
2019;562;Portugal;Lácteos;0;0;101;0;0;0;0;0;470;0;0;0
2019;563;Reino Unido;Bebidas;262;1274;302;2165;0;0;0;0;837;0;0;0
2019;564;Reino Unido;Carnes;361;0;86;1019;0;0;0;0;0;0;0;0
2019;565;Reino Unido;Condimentos;1509;0;1360;1851;0;0;0;0;1713;0;0;0
2019;566;Reino Unido;Frutas/Verduras;0;0;2600;1715;0;0;159;0;0;0;0;0
2019;567;Reino Unido;Granos/Cereales;0;654;578;0;0;755;0;626;0;669;548;0
2019;568;Reino Unido;Lácteos;886;261;2073;4178;0;838;0;0;0;703;0;64
2019;569;Reino Unido;Pescado/Marisco;129;0;311;394;0;0;0;0;0;0;957;0
2019;570;Reino Unido;Repostería;0;349;4797;761;0;2445;0;0;0;0;0;3497
2019;571;Suecia;Bebidas;890;1916;1759;1037;0;478;0;170;78;1730;1296;248
2019;572;Suecia;Carnes;2315;784;0;10845;0;0;0;572;0;0;1112;4415
2019;573;Suecia;Condimentos;553;1292;949;0;0;88;0;0;0;0;448;2804
2019;574;Suecia;Frutas/Verduras;0;0;2812;2523;0;473;905;62;0;0;0;437
2019;575;Suecia;Granos/Cereales;0;470;0;544;0;205;0;0;8866;1645;408;558
2019;576;Suecia;Pescado/Marisco;951;1312;1046;733;0;0;0;593;59;0;0;0
2019;577;Suecia;Repostería;3370;1911;600;0;0;459;0;0;377;0;0;1706
2019;578;Suiza;Bebidas;0;0;773;1173;282;5222;0;0;0;0;1977;2754
2019;579;Suiza;Carnes;0;0;0;2935;0;0;0;0;0;0;405;2949
2019;580;Suiza;Condimentos;0;0;0;3300;0;659;0;2162;537;2668;0;51
2019;581;Suiza;Granos/Cereales;0;0;2118;1371;0;1663;0;0;0;1113;0;236
2019;582;Suiza;Lácteos;0;0;71;2725;0;381;0;0;0;0;0;540
2019;583;Suiza;Pescado/Marisco;0;0;782;0;613;0;0;0;0;0;1288;0
2019;584;Suiza;Repostería;0;0;988;0;0;0;0;0;11945;0;0;0
2019;585;Venezuela;Bebidas;445;757;1464;930;0;0;0;0;349;0;0;0
2019;586;Venezuela;Carnes;0;0;0;0;193;0;0;0;0;0;3420;0
2019;587;Venezuela;Condimentos;292;0;0;0;0;0;0;0;0;0;1203;0
2019;588;Venezuela;Frutas/Verduras;0;0;1428;2516;793;0;0;0;0;0;3542;0
2019;589;Venezuela;Granos/Cereales;798;0;451;1205;0;0;0;0;0;0;2190;0
2019;590;Venezuela;Lácteos;4409;1026;1339;3074;0;0;0;0;0;0;3852;0
2019;591;Venezuela;Pescado/Marisco;4777;526;3365;849;174;0;439;1655;0;887;2064;1015
2019;592;Venezuela;Repostería;245;0;2313;3178;0;0;0;0;0;0;0;0
